               epoch,      train/box_loss,      train/obj_loss,      train/cls_loss,   metrics/precision,      metrics/recall,     metrics/mAP_0.5,metrics/mAP_0.5:0.95,        val/box_loss,        val/obj_loss,        val/cls_loss,               x/lr0,               x/lr1,               x/lr2
                   0,            0.059626,            0.024468,            0.021328,             0.37022,             0.63885,              0.3959,             0.16412,            0.022133,            0.009154,            0.013574,             0.07014,           0.0033178,           0.0033178
                   1,            0.040085,            0.019924,            0.019708,              0.3298,             0.59962,             0.42768,             0.18107,            0.022977,           0.0064225,            0.013752,            0.040074,           0.0065853,           0.0065853
                   2,            0.036238,             0.01861,            0.018823,             0.46726,             0.63128,             0.54508,             0.23545,            0.020807,           0.0057755,            0.013256,           0.0099418,           0.0097868,           0.0097868
                   3,            0.034806,            0.018034,            0.018175,             0.71011,             0.73418,             0.72874,             0.33499,            0.018665,           0.0053885,              0.0118,            0.009703,            0.009703,            0.009703
                   4,            0.030403,            0.017111,            0.015589,             0.75957,             0.77082,             0.78071,             0.39359,            0.017891,           0.0051446,            0.011024,            0.009703,            0.009703,            0.009703
                   5,            0.030261,            0.017556,            0.014465,             0.70686,             0.84652,              0.7687,             0.35677,             0.01806,           0.0053285,           0.0084835,            0.009604,            0.009604,            0.009604
                   6,            0.028682,            0.016992,            0.012685,             0.85074,             0.82694,             0.85542,             0.44186,            0.016086,             0.00518,           0.0082107,            0.009505,            0.009505,            0.009505
                   7,            0.026897,            0.017498,            0.013359,             0.84255,             0.86038,             0.85851,             0.43934,            0.015006,           0.0050371,             0.00825,            0.009406,            0.009406,            0.009406
                   8,            0.026556,              0.0166,            0.012321,             0.86834,             0.87603,             0.92015,             0.48439,            0.015063,           0.0050164,            0.005583,            0.009307,            0.009307,            0.009307
                   9,            0.026464,            0.016451,            0.011892,             0.78667,             0.79739,             0.82975,             0.44063,            0.015812,           0.0052128,           0.0087909,            0.009208,            0.009208,            0.009208
                  10,            0.025224,            0.016244,            0.011214,             0.84032,             0.90466,             0.90872,             0.49455,            0.015318,           0.0048768,           0.0044754,            0.009109,            0.009109,            0.009109
                  11,            0.024868,            0.015922,            0.010882,             0.84565,             0.86355,             0.88178,             0.44536,            0.018121,           0.0050895,           0.0066942,             0.00901,             0.00901,             0.00901
                  12,            0.024562,            0.016204,            0.010973,              0.8433,              0.8503,             0.90372,             0.48708,            0.015432,           0.0051215,           0.0040381,            0.008911,            0.008911,            0.008911
                  13,            0.023845,            0.015787,            0.010397,             0.88192,             0.90379,              0.9311,             0.50482,            0.013864,           0.0051534,           0.0040268,            0.008812,            0.008812,            0.008812
                  14,            0.024282,            0.015845,            0.010658,             0.91534,             0.89479,             0.95676,             0.55423,            0.013029,           0.0048397,            0.003006,            0.008713,            0.008713,            0.008713
                  15,            0.023754,            0.015183,           0.0097308,             0.86889,             0.88937,              0.9282,             0.52014,            0.013813,           0.0047635,           0.0045082,            0.008614,            0.008614,            0.008614
                  16,            0.022868,            0.015519,           0.0095354,             0.84036,             0.94155,             0.94199,             0.54604,            0.014118,           0.0047111,           0.0035998,            0.008515,            0.008515,            0.008515
                  17,            0.022607,            0.015145,           0.0092889,             0.87783,             0.92617,             0.93913,             0.54048,            0.013215,           0.0049382,           0.0035097,            0.008416,            0.008416,            0.008416
                  18,            0.022387,            0.014994,           0.0089098,             0.88311,             0.89997,               0.928,               0.554,              0.0132,           0.0047605,            0.003249,            0.008317,            0.008317,            0.008317
                  19,            0.023802,            0.015008,           0.0088585,             0.88588,              0.9225,             0.95514,             0.56303,            0.013307,           0.0046147,           0.0033251,            0.008218,            0.008218,            0.008218
                  20,            0.021422,            0.014871,           0.0078462,             0.88688,             0.90117,              0.9289,             0.53826,             0.01346,           0.0047401,            0.003893,            0.008119,            0.008119,            0.008119
                  21,            0.020619,            0.014715,           0.0087538,             0.88644,             0.90873,             0.93952,              0.5587,            0.013567,           0.0046059,           0.0039768,             0.00802,             0.00802,             0.00802
                  22,            0.021571,            0.014962,           0.0081393,             0.89457,             0.90729,             0.95076,             0.56266,            0.012671,           0.0044478,           0.0042744,            0.007921,            0.007921,            0.007921
                  23,            0.020437,            0.014893,           0.0084491,             0.88715,             0.88796,             0.93546,             0.58108,            0.013287,             0.00445,           0.0026449,            0.007822,            0.007822,            0.007822
                  24,            0.022171,            0.014531,           0.0079209,             0.90935,             0.91817,             0.95641,             0.57605,            0.013347,            0.004523,           0.0026643,            0.007723,            0.007723,            0.007723
                  25,            0.021456,            0.014585,           0.0079961,             0.93103,             0.91157,              0.9445,             0.57581,            0.012455,           0.0046178,           0.0039156,            0.007624,            0.007624,            0.007624
                  26,            0.021006,            0.014277,            0.007726,             0.93303,             0.91062,             0.95766,             0.57914,            0.012641,           0.0045644,           0.0034984,            0.007525,            0.007525,            0.007525
                  27,            0.020978,            0.014535,            0.007513,             0.91412,             0.90971,             0.95884,             0.60855,            0.012395,           0.0044215,           0.0022382,            0.007426,            0.007426,            0.007426
                  28,            0.020307,            0.014043,           0.0070624,             0.94383,             0.93736,             0.95872,              0.6001,            0.011938,           0.0046637,           0.0020779,            0.007327,            0.007327,            0.007327
                  29,            0.019936,              0.0143,           0.0067737,             0.89495,             0.87441,             0.95536,             0.61162,             0.01222,           0.0045622,           0.0032837,            0.007228,            0.007228,            0.007228
                  30,             0.01952,            0.013508,           0.0062799,             0.92706,             0.92921,             0.95284,              0.6097,            0.013136,           0.0044901,           0.0022778,            0.007129,            0.007129,            0.007129
                  31,            0.019085,            0.013807,            0.006197,             0.95037,             0.93692,             0.95413,             0.59272,            0.012699,           0.0044748,           0.0021723,             0.00703,             0.00703,             0.00703
                  32,            0.019942,            0.013576,           0.0069048,              0.9325,             0.91498,             0.95774,             0.60364,            0.012904,           0.0044851,           0.0017248,            0.006931,            0.006931,            0.006931
                  33,            0.020569,            0.013722,           0.0073151,             0.93871,             0.95347,              0.9574,             0.62393,            0.011996,           0.0044853,           0.0020343,            0.006832,            0.006832,            0.006832
                  34,            0.019086,            0.013099,           0.0063582,             0.95001,              0.9296,             0.95874,             0.62637,            0.012307,           0.0045834,           0.0015296,            0.006733,            0.006733,            0.006733
                  35,             0.02012,            0.013516,           0.0068694,             0.93036,             0.92573,             0.95168,             0.62351,            0.012723,           0.0044388,            0.001759,            0.006634,            0.006634,            0.006634
                  36,            0.018702,            0.013308,           0.0061692,             0.93457,              0.9159,             0.95833,             0.61931,            0.013148,           0.0043496,            0.002141,            0.006535,            0.006535,            0.006535
                  37,            0.018865,            0.013568,            0.006264,             0.94795,              0.9378,             0.96215,             0.63623,            0.012149,           0.0043655,           0.0016213,            0.006436,            0.006436,            0.006436
                  38,            0.019046,            0.013395,           0.0063597,               0.959,             0.95906,             0.97808,             0.65489,            0.011283,           0.0041752,           0.0016768,            0.006337,            0.006337,            0.006337
                  39,            0.019222,            0.013309,           0.0058161,             0.92198,             0.95513,             0.96463,             0.61304,            0.013047,           0.0044235,           0.0018711,            0.006238,            0.006238,            0.006238
                  40,            0.019156,            0.013292,           0.0065759,             0.93646,             0.92712,             0.96775,             0.63947,            0.011936,            0.004318,           0.0016642,            0.006139,            0.006139,            0.006139
                  41,            0.018647,            0.012891,           0.0057805,             0.94603,             0.95106,             0.96709,             0.64631,            0.010731,           0.0042766,           0.0017207,             0.00604,             0.00604,             0.00604
                  42,            0.018189,            0.013191,           0.0051682,              0.9267,             0.91498,             0.95442,             0.62487,            0.011805,           0.0041343,           0.0028962,            0.005941,            0.005941,            0.005941
                  43,            0.017996,            0.013208,           0.0049666,             0.94749,             0.94317,             0.96432,             0.64924,            0.011291,           0.0041971,           0.0017143,            0.005842,            0.005842,            0.005842
                  44,            0.018506,            0.013008,           0.0056357,             0.95827,             0.91923,             0.96837,             0.65387,             0.01172,           0.0041639,            0.001607,            0.005743,            0.005743,            0.005743
                  45,            0.018939,            0.012537,           0.0057498,             0.93911,             0.92167,             0.95816,             0.63781,            0.012033,           0.0042656,           0.0016133,            0.005644,            0.005644,            0.005644
                  46,            0.017599,            0.012708,           0.0050939,             0.95424,             0.94468,             0.97156,             0.63979,             0.01163,           0.0042688,           0.0013978,            0.005545,            0.005545,            0.005545
                  47,            0.017665,            0.013148,           0.0053869,             0.96288,             0.93209,             0.96681,             0.66389,            0.011259,           0.0041635,           0.0016605,            0.005446,            0.005446,            0.005446
                  48,            0.018029,             0.01308,           0.0060027,             0.96526,             0.96211,             0.97869,             0.65646,            0.011034,           0.0041581,           0.0015956,            0.005347,            0.005347,            0.005347
                  49,            0.017114,            0.012158,           0.0046414,             0.94945,             0.94274,             0.96068,             0.66842,            0.011268,           0.0041726,            0.001465,            0.005248,            0.005248,            0.005248
                  50,            0.017564,            0.012704,           0.0050391,             0.93174,             0.94291,             0.95353,              0.6521,            0.011571,           0.0042254,           0.0014999,            0.005149,            0.005149,            0.005149
                  51,            0.017347,            0.012642,            0.004776,             0.95197,              0.9378,             0.96575,              0.6791,            0.010719,           0.0039982,           0.0015989,             0.00505,             0.00505,             0.00505
                  52,            0.017485,            0.012789,            0.004424,             0.94772,             0.94694,             0.95995,             0.66957,            0.010858,           0.0041709,           0.0017519,            0.004951,            0.004951,            0.004951
                  53,            0.017502,            0.012881,           0.0054882,             0.94597,             0.94317,             0.96939,              0.6691,            0.010997,           0.0042782,           0.0014114,            0.004852,            0.004852,            0.004852
                  54,            0.017169,            0.012747,           0.0043175,              0.9556,             0.95491,             0.97223,             0.67676,            0.011395,           0.0041365,           0.0012486,            0.004753,            0.004753,            0.004753
                  55,            0.016308,            0.012149,           0.0040396,             0.94296,             0.95147,             0.96412,             0.67424,            0.011015,           0.0040467,           0.0013309,            0.004654,            0.004654,            0.004654
                  56,            0.016739,            0.012162,           0.0056402,             0.95736,             0.95347,             0.97094,             0.68059,            0.010922,           0.0042076,           0.0013768,            0.004555,            0.004555,            0.004555
                  57,            0.016363,            0.011904,           0.0047092,              0.9394,             0.95436,              0.9647,             0.69571,            0.011164,           0.0040695,           0.0013864,            0.004456,            0.004456,            0.004456
                  58,            0.016326,            0.012212,           0.0041033,              0.9436,             0.94855,              0.9698,             0.69747,             0.01091,           0.0041253,           0.0012648,            0.004357,            0.004357,            0.004357
                  59,            0.017019,            0.012077,           0.0049062,              0.9243,             0.94303,             0.96821,              0.6917,            0.010814,           0.0040103,           0.0017076,            0.004258,            0.004258,            0.004258
                  60,            0.016301,            0.012217,           0.0051019,             0.95748,             0.94204,             0.96191,             0.69585,            0.010179,           0.0039398,           0.0018448,            0.004159,            0.004159,            0.004159
                  61,            0.017418,            0.011811,           0.0046544,             0.94346,             0.94274,             0.96204,             0.69258,            0.010253,           0.0039276,           0.0015331,             0.00406,             0.00406,             0.00406
                  62,            0.016583,            0.012157,           0.0039992,             0.95818,             0.96599,              0.9779,             0.70185,            0.010411,           0.0038941,           0.0013884,            0.003961,            0.003961,            0.003961
                  63,            0.016171,            0.011971,           0.0037836,             0.95287,             0.95436,             0.96969,             0.69866,            0.010573,           0.0039908,           0.0011919,            0.003862,            0.003862,            0.003862
                  64,            0.015619,            0.011612,           0.0034634,             0.95211,             0.95436,             0.96359,             0.68333,            0.010428,           0.0040525,           0.0013977,            0.003763,            0.003763,            0.003763
                  65,            0.015865,            0.011831,           0.0040446,             0.94391,              0.9578,             0.96766,             0.69711,            0.010375,           0.0039878,           0.0011093,            0.003664,            0.003664,            0.003664
                  66,             0.01556,            0.011677,            0.004399,             0.94392,             0.95921,             0.97046,             0.69684,            0.010755,           0.0040233,           0.0011984,            0.003565,            0.003565,            0.003565
                  67,            0.016001,            0.011537,           0.0045258,             0.94803,             0.95178,              0.9703,             0.70187,            0.010615,           0.0039687,           0.0013127,            0.003466,            0.003466,            0.003466
                  68,             0.01661,            0.011432,           0.0039591,             0.94653,             0.95176,             0.96738,             0.70717,            0.010886,           0.0039201,           0.0013597,            0.003367,            0.003367,            0.003367
                  69,            0.015292,            0.011367,           0.0034368,             0.93308,             0.95393,             0.96611,             0.71598,            0.010977,           0.0039044,           0.0014139,            0.003268,            0.003268,            0.003268
                  70,            0.015646,            0.011278,           0.0036707,              0.9626,             0.94449,             0.97243,             0.70959,            0.010497,            0.003943,           0.0010409,            0.003169,            0.003169,            0.003169
                  71,            0.014905,            0.011121,           0.0032527,             0.94528,             0.94899,             0.96775,             0.71152,            0.010518,           0.0039398,           0.0012705,             0.00307,             0.00307,             0.00307
                  72,            0.014546,            0.011013,           0.0030373,             0.93992,              0.9576,             0.96817,             0.71124,            0.010303,           0.0039603,           0.0013088,            0.002971,            0.002971,            0.002971
                  73,            0.015487,            0.011374,           0.0035327,             0.95933,              0.9548,             0.97646,             0.70958,            0.010221,           0.0039717,           0.0011603,            0.002872,            0.002872,            0.002872
                  74,            0.014656,            0.011018,           0.0034296,              0.9515,             0.95436,             0.97196,             0.71973,           0.0099565,           0.0038715,           0.0011765,            0.002773,            0.002773,            0.002773
                  75,            0.014728,            0.011161,           0.0028527,             0.94365,              0.9497,             0.96711,             0.71488,            0.010615,           0.0038798,           0.0012508,            0.002674,            0.002674,            0.002674
                  76,            0.013728,            0.010978,           0.0033935,             0.95574,             0.96121,             0.96506,             0.71011,            0.010734,           0.0038088,           0.0012238,            0.002575,            0.002575,            0.002575
                  77,            0.014399,            0.011414,           0.0035186,             0.95287,             0.96328,             0.96662,             0.70505,            0.010887,           0.0039013,           0.0012295,            0.002476,            0.002476,            0.002476
                  78,            0.014435,            0.010888,            0.003595,             0.94557,             0.95999,             0.96141,             0.68941,            0.010538,           0.0040774,           0.0013657,            0.002377,            0.002377,            0.002377
                  79,            0.014158,            0.011023,           0.0030169,             0.93276,             0.95393,             0.96446,              0.7093,            0.010069,           0.0040329,           0.0015102,            0.002278,            0.002278,            0.002278
                  80,            0.013901,            0.010861,           0.0032342,             0.92882,             0.96549,             0.96221,             0.72465,           0.0096882,           0.0039111,           0.0012468,            0.002179,            0.002179,            0.002179
                  81,            0.014694,            0.010712,           0.0031733,             0.93567,             0.95916,             0.97048,             0.72878,             0.01001,           0.0039115,          0.00097089,             0.00208,             0.00208,             0.00208
                  82,            0.014353,            0.010565,           0.0025029,             0.95697,              0.9548,             0.96962,             0.71152,           0.0098051,           0.0040073,           0.0010616,            0.001981,            0.001981,            0.001981
                  83,            0.013887,            0.010544,           0.0026347,             0.94375,             0.94942,             0.96437,             0.72212,           0.0096066,           0.0039971,           0.0011004,            0.001882,            0.001882,            0.001882
                  84,            0.014075,            0.010656,           0.0029739,             0.90989,             0.96996,             0.96048,             0.72811,            0.009424,            0.003985,           0.0011758,            0.001783,            0.001783,            0.001783
                  85,            0.013578,            0.010625,           0.0031884,             0.92995,             0.94012,             0.96036,              0.7101,           0.0096273,           0.0040106,           0.0012742,            0.001684,            0.001684,            0.001684
                  86,            0.013424,            0.010592,           0.0025135,             0.91169,             0.96555,             0.96244,              0.7257,           0.0096236,            0.003917,           0.0012196,            0.001585,            0.001585,            0.001585
                  87,            0.013774,            0.010215,           0.0030855,             0.94961,             0.94855,             0.96522,             0.72349,           0.0097286,           0.0040466,           0.0011616,            0.001486,            0.001486,            0.001486
                  88,             0.01296,            0.010112,           0.0019341,              0.9447,             0.94317,             0.96344,             0.72759,           0.0096222,           0.0040334,           0.0013291,            0.001387,            0.001387,            0.001387
                  89,             0.01342,            0.010422,           0.0027972,             0.93883,             0.93155,             0.96013,             0.73218,           0.0095251,           0.0039571,           0.0013306,            0.001288,            0.001288,            0.001288
                  90,            0.013752,            0.010201,           0.0027704,             0.91717,             0.96953,             0.96291,             0.73127,           0.0095857,           0.0039468,           0.0013955,            0.001189,            0.001189,            0.001189
                  91,            0.012629,            0.010324,            0.002162,              0.9304,             0.96904,              0.9628,             0.73505,           0.0094531,           0.0039261,            0.001279,             0.00109,             0.00109,             0.00109
                  92,            0.013591,            0.010505,           0.0022626,             0.93017,             0.95321,             0.96023,             0.72868,           0.0093922,           0.0040278,           0.0013792,            0.000991,            0.000991,            0.000991
                  93,             0.01271,           0.0099887,           0.0030652,             0.93407,             0.94701,             0.96024,             0.72405,           0.0094614,           0.0039417,           0.0013829,            0.000892,            0.000892,            0.000892
                  94,            0.013213,            0.010489,           0.0022363,             0.94867,             0.95804,             0.96394,             0.72427,           0.0096627,           0.0039935,           0.0012141,            0.000793,            0.000793,            0.000793
                  95,            0.012566,            0.010037,            0.002314,               0.958,             0.96018,              0.9664,             0.72086,           0.0094137,           0.0040301,            0.001267,            0.000694,            0.000694,            0.000694
                  96,            0.012545,             0.01001,            0.001988,             0.95458,             0.96018,               0.967,             0.72722,           0.0093362,           0.0040416,           0.0012471,            0.000595,            0.000595,            0.000595
                  97,            0.013369,            0.010105,            0.002448,             0.94639,             0.95939,             0.96591,             0.73507,           0.0092347,           0.0039709,           0.0012199,            0.000496,            0.000496,            0.000496
                  98,            0.012409,             0.01024,           0.0021716,             0.94091,             0.96247,             0.96418,             0.73596,           0.0093808,           0.0039719,           0.0012329,            0.000397,            0.000397,            0.000397
                  99,            0.011909,            0.010068,           0.0019842,             0.94649,             0.96106,             0.96483,             0.73463,           0.0092473,           0.0039414,           0.0012141,            0.000298,            0.000298,            0.000298
